{
  "zeta_pole_axiom": {
    "north_pole_label": "1/2 + i gamma_1",
    "south_pole_label": "1/2 - i gamma_1",
    "gamma_1": 14.134725141
  },
  "tetrahedral_vertices": [
    [
      0.5773502691896258,
      0.5773502691896258,
      0.5773502691896258
    ],
    [
      0.5773502691896258,
      -0.5773502691896258,
      -0.5773502691896258
    ],
    [
      -0.5773502691896258,
      0.5773502691896258,
      -0.5773502691896258
    ],
    [
      -0.5773502691896258,
      -0.5773502691896258,
      0.5773502691896258
    ]
  ],
  "dot_product_matrix": [
    [
      1.0000000000000002,
      -0.3333333333333334,
      -0.3333333333333334,
      -0.3333333333333334
    ],
    [
      -0.3333333333333334,
      1.0000000000000002,
      -0.3333333333333334,
      -0.3333333333333334
    ],
    [
      -0.3333333333333334,
      -0.3333333333333334,
      1.0000000000000002,
      -0.3333333333333334
    ],
    [
      -0.3333333333333334,
      -0.3333333333333334,
      -0.3333333333333334,
      1.0000000000000002
    ]
  ],
  "sic_probabilities_north": [
    0.39433756729740643,
    0.10566243270259354,
    0.10566243270259354,
    0.39433756729740643
  ],
  "sic_probabilities_south": [
    0.10566243270259354,
    0.39433756729740643,
    0.39433756729740643,
    0.10566243270259354
  ],
  "zeta_labels_for_vertices": [
    "1/2 + i*14.134725141",
    "1/2 + i*21.022039639",
    "1/2 + i*25.01085758",
    "1/2 + i*30.424876126"
  ]
}