{
  "status": "candidate_kernel_not_mass_prediction",
  "non_fitting_rule": "observed fermion masses are not used",
  "tetrahedron_vertices": [
    [
      0.0,
      0.0,
      1.0
    ],
    [
      0.9428090415820635,
      0.0,
      -0.3333333333333333
    ],
    [
      -0.47140452079103173,
      0.8164965809277259,
      -0.3333333333333333
    ],
    [
      -0.47140452079103173,
      -0.8164965809277259,
      -0.3333333333333333
    ]
  ],
  "gram_matrix": [
    [
      1.0,
      -0.3333333333333333,
      -0.3333333333333333,
      -0.3333333333333333
    ],
    [
      -0.3333333333333333,
      1.0000000000000002,
      -0.3333333333333334,
      -0.3333333333333334
    ],
    [
      -0.3333333333333333,
      -0.3333333333333334,
      0.9999999999999999,
      -0.33333333333333315
    ],
    [
      -0.3333333333333333,
      -0.3333333333333334,
      -0.33333333333333315,
      0.9999999999999999
    ]
  ],
  "disk_basis": {
    "E1": [
      1.0,
      0.0,
      0.0
    ],
    "E2": [
      0.0,
      1.0,
      0.0
    ],
    "polar": [
      0.0,
      0.0,
      1.0
    ]
  },
  "candidate_count": 8,
  "best_seed_by_tetra_poincare_action": [
    11,
    13
  ],
  "minimal_triplet_rank_order": [
    [
      11,
      13,
      1
    ],
    [
      5,
      7,
      3
    ],
    [
      3,
      5,
      5
    ]
  ],
  "output_table": "/mnt/data/metatime_sm_tetrahedral_poincare_depth_v0_8/results/tetra_poincare_depth_table_v0_8.csv"
}