generation,seed_p,seed_q,zeta_anchor_index,zeta_gamma,tetra_vertex,imaginary_axis_coordinate,half_axis_distance,zeta_polar_coherence,debt3_adjustment_unit
1,3,5,4,30.424876125859512,4,0.4248761258595124,0.0751238741404876,0.9776785090282736,0.001116074548586321
2,5,7,6,37.586178158825675,2,0.5861781588256747,0.0861781588256747,0.9707302067413404,0.001463489662932982
3,11,13,12,56.44624769706339,4,0.4462476970633915,0.05375230293660849,0.9885092880761391,0.0005745355961930432
