meson,quark_pair,p,q,n,n_mod_8,r3,spectral_regime,delta_S_over_OI,delta_S,S_meson,predicted_mev,reference_mev,relative_error,abs_error_pct
pion+,udbar,3,5,15,7,forbidden,π/ζ(2)=6/π (fundamental_forbidden),1.909859317102744,0.01755762319317072,0.42124262319317074,153.71398611244715,139.57039,0.10133665251237846,10.133665251237845
kaon+,usbar,3,7,21,5,allowed,ζ(2)-1 (fundamental_allowed),0.6449340668482264,0.005928975620747865,0.40961397562074786,544.5821987311497,493.677,0.1031143819362653,10.31143819362653
D+,cdbar,11,5,55,7,forbidden,π/ζ(2)=6/π (fundamental_forbidden),1.909859317102744,0.01755762319317072,0.42124262319317074,153.71398611244715,1869.66,-0.9177850592554544,91.77850592554545
B+,ubbar,3,13,39,7,forbidden,π/ζ(2)=6/π (fundamental_forbidden),1.909859317102744,0.01755762319317072,0.42124262319317074,153.71398611244715,5279.34,-0.9708838631131075,97.08838631131074
