seed_p,seed_q,collatz_steps_p,collatz_steps_q,terminal_tail_p,terminal_tail_q,terminal_half_lock,zeta_zero_index_1based,zeta_gamma,zeta_coordinate,critical_line_lock,poincare_radius,fibonacci_tension,kepler_like_period,zeta_phase_mod_tau,axis_action
3,5,7,5,4->2->1->1/2,4->2->1->1/2,True,1,14.134725141734695,1/2 + i*14.134725141734695,True,0.21428571428571427,0.667680296964391,0.09919501068991622,1.5683545273755222,0.013941289561367034
5,7,5,16,4->2->1->1/2,4->2->1->1/2,True,1,14.134725141734695,1/2 + i*14.134725141734695,True,0.5217391304347826,0.2291450998610059,0.3768600618337123,1.5683545273755222,0.012462386178015424
11,13,14,9,4->2->1->1/2,4->2->1->1/2,True,6,37.586178158825675,1/2 + i*37.586178158825675,True,0.24,0.8365114657955598,0.11757550765359254,6.1702516229277435,0.022395552419414055
