slot,generation,tau_v2_action,tau_v2_preference_quanta,ramanujan_entropy_component,ramanujan_resonance_release_component,OIB_ln2_over_24pi,L3_base_clock,resonance_damping_gate,entropy_release_gate,component_split_gate,v5_3_prediction_input_mev,predicted_mev_v5_4_diagnostic,benchmark_mev_post_freeze_scoring_only,ratio_pred_over_benchmark,absolute_relative_error,formula_fingerprint_sha256,mass_closure_claimed,canon_allowed
e,1,3.0,326.32993021155795,0.0,1.0,0.009193150006360484,7.0,1.0,1.0,1.0,0.51099895,0.51099895,0.51099895,1.0,0.0,bbbf68bc7f481e5a0560edd6feeccd7c1570425d853fd10a2cb9c22e60f8e5cc,False,False
mu,2,2.4993108747959694,271.86664778305214,0.2526934249252932,0.4788629737609327,0.009193150006360484,7.0,0.6194873649010207,1.016394275105356,0.6296434111855002,155.15053279430862,97.68951071585629,105.6583755,0.9245789579251698,0.07542104207483025,bbbf68bc7f481e5a0560edd6feeccd7c1570425d853fd10a2cb9c22e60f8e5cc,False,False
tau,3,3.5456521927993965,385.6841442102281,1.0,0.0,0.009193150006360484,7.0,1.0,1.0664677827110463,1.0664677827110463,1681.9955452454265,1793.7940596677472,1776.86,1.009530328595245,0.009530328595245052,bbbf68bc7f481e5a0560edd6feeccd7c1570425d853fd10a2cb9c22e60f8e5cc,False,False
