slot,generation,ramanujan_scaled_action,ramanujan_visibility,delta_generation_from_e,OIB_ln2_over_24pi,ramanujan_oi_path_normalizer,v5_2_sealed_prediction_input_mev,predicted_mev_v5_3_diagnostic,benchmark_mev_post_freeze_scoring_only,ratio_pred_over_benchmark,absolute_relative_error,formula_fingerprint_sha256,mass_closure_claimed,canon_allowed
e,1,0.004370830988727592,0.6216087994874351,0,0.009193150006360484,1.0,0.51099895,0.51099895,0.51099895,1.0,0.0,e16ae959d39b1aeb5aec98b478ceaed2455f69c867f089729f71150df61e02fb,False,False
mu,2,0.009434835198791994,0.3583340224431701,1,0.009193150006360484,0.7592511274714366,204.34679275487207,155.15053279430862,105.6583755,1.4684167919495281,0.4684167919495281,e16ae959d39b1aeb5aec98b478ceaed2455f69c867f089729f71150df61e02fb,False,False
tau,3,0.022453736748409954,0.08694825430638196,2,0.009193150006360484,0.611555573182768,2750.356008517233,1681.9955452454265,1776.86,0.9466111822233753,0.05338881777662474,e16ae959d39b1aeb5aec98b478ceaed2455f69c867f089729f71150df61e02fb,False,False
