fermion,class,generation,seed_p,seed_q,base_structural_action_unit_v10,zeta_coherence_score_v13,coherence_adjustment_unit_v13,action_with_coherence_unit_v13,action_with_coherence_kappa_v13,uses_observed_mass_as_input,prediction_status
e,charged_lepton,1,3,5,5.347163385502592,0.5489889635415607,0.030508798863847334,5.377672184366439,0.049437747075912926,False,ordinal_structure_plus_coherence_gate_not_numeric_mass_prediction
d,down_quark,1,3,5,3.934779854654207,0.5489889635415607,0.030508798863847334,3.9652886535180545,0.03645349341031066,False,ordinal_structure_plus_coherence_gate_not_numeric_mass_prediction
u,up_quark,1,3,5,3.7681131879875402,0.5489889635415607,0.030508798863847334,3.7986219868513875,0.034921301742583906,False,ordinal_structure_plus_coherence_gate_not_numeric_mass_prediction
mu,charged_lepton,2,5,7,5.108881166329096,0.5530858970244966,0.02906175592952664,5.137942922258622,0.047233880008441656,False,ordinal_structure_plus_coherence_gate_not_numeric_mass_prediction
s,down_quark,2,5,7,3.696497635480711,0.5530858970244966,0.02906175592952664,3.7255593914102376,0.03424962634283939,False,ordinal_structure_plus_coherence_gate_not_numeric_mass_prediction
c,up_quark,2,5,7,3.5298309688140446,0.5530858970244966,0.02906175592952664,3.558892724743571,0.03271743467511264,False,ordinal_structure_plus_coherence_gate_not_numeric_mass_prediction
tau,charged_lepton,3,11,13,4.73926393244694,0.8040257087316722,-0.059570554793373975,4.6796933776535665,0.043021123204541,False,ordinal_structure_plus_coherence_gate_not_numeric_mass_prediction
b,down_quark,3,11,13,3.3268804015985562,0.8040257087316722,-0.059570554793373975,3.2673098468051824,0.030036869538938735,False,ordinal_structure_plus_coherence_gate_not_numeric_mass_prediction
t,up_quark,3,11,13,3.1602137349318893,0.8040257087316722,-0.059570554793373975,3.1006431801385155,0.028504677871211984,False,ordinal_structure_plus_coherence_gate_not_numeric_mass_prediction
