{
  "timestamp": "2026-02-15T18:13:22.362053",
  "results": {
    "spectral": {
      "O_I_ref": 0.00917,
      "sigma_O_I": 0.0006487568670807988,
      "ensemble_n": 2000
    },
    "leptons": {
      "e": {
        "mean": 0.5109967034945053,
        "std": 6.646825377073383e-05
      },
      "mu": {
        "mean": 105.65814242643974,
        "std": 0.006871773533966165
      },
      "tau": {
        "mean": 1776.8580476654806,
        "std": 0.05778145208749473
      }
    },
    "quarks": {
      "u": {
        "mean": 2.159990520473858,
        "std": 0.0002809622783775523
      },
      "d": {
        "mean": 4.673513724861586,
        "std": 0.08245390116133121
      },
      "s": {
        "mean": 93.51077329207051,
        "std": 0.30407666757009966
      },
      "c": {
        "mean": 1270.0,
        "std": 0.0
      },
      "b": {
        "mean": 4180.0,
        "std": 0.0
      },
      "t": {
        "mean": 173000.0,
        "std": 0.0
      }
    },
    "proton": {
      "mean": 935.9951613464995,
      "std": 65.09286306114868
    },
    "neutron": {
      "mean": 937.295002565272,
      "std": 64.92480273806768
    },
    "bindings_per_nucleon": {
      "16O": {
        "mean": 7.860518790983818,
        "std": 0.2322528878431833
      },
      "56Fe": {
        "mean": 8.831899362547757,
        "std": 0.260954039629661
      },
      "208Pb": {
        "mean": 7.844389247074986,
        "std": 0.23177631202776555
      }
    }
  },
  "checks": {
    "lepton_e": true,
    "lepton_mu": true,
    "lepton_tau": true,
    "16O_binding": true
  }
}