particle,derived_action_S_i,predicted_energy_MeV,reference_energy_MeV_scoring_only,absolute_error_MeV,relative_error,relative_error_abs_percent,reference_used_as_input
electron,0.47369160012116457,0.5116420509844719,0.51099895,0.000643100984471956,0.0012585172327104705,0.12585172327104704,False
muon,0.42424359280416457,110.90325462836319,105.65838,5.244874628363192,0.0496399303904072,4.963993039040719,False
tau,0.398273248953487,1869.871654360978,1776.86,93.01165436097813,0.0523460792414586,5.23460792414586,False
