particle,derived_action,predicted_mev,reference_mev,abs_error_mev,rel_error,rel_error_abs_pct
electron,0.47369160012116457,0.5116420509844719,0.51099895,0.000643100984471956,0.0012585172327104705,0.12585172327104704
muon,0.4247611797736728,104.83176930043687,105.65838,-0.82661069956313,-0.007823427725875742,0.7823427725875742
tau,0.3987908359229952,1767.504069634979,1776.86,-9.35593036502058,-0.005265429108101349,0.5265429108101349
