path,action,weight,primitive_re,primitive_im
0,1.6,0.530873152858691,1.0,0.0
1,2.9,0.07574430933679997,0.2,0.6
2,2.0,0.3933825378045091,0.5,0.2
-1,-1.0,-1.0,0.7422412913128006,0.12412309316397982
