object,value
A12,0.74224129
A13,0.5
A23,0.3
poly_lambda,0.8909211506872641
poly_const,0.222672387
tau_1,0.9989339412541213
tau_2,-0.3915929171966958
tau_3,-0.6073410240574253
