component,value
L,2.6453997699106546
Delta_phi,0.13152863402551575
D_rel,2.0
Pi_truth_struct,0.1166666666666667
Pi_truth_audit,0.15
S_online,4.893595070602837
S_full,5.043595070602836
