id,raw_energy,norm_energy,amplitude,phase,state_re,state_im
obj_1,2.0,0.2,0.4472135954999579,5.372425968370574,0.275085197708475,-0.3526196073224935
obj_2,3.0,0.3,0.5477225575051661,0.802476005081217,0.3806186049903402,0.3938067669933726
obj_3,5.0,0.5,0.7071067811865476,5.953389016632678,0.6695078413534976,-0.2286183797952713
