id,path,type,layer,content_hash,size_bytes,local_mass,crossref_in,crossref_out,pressure,density,weight,frequency,state_vector,character,raw_energy,norm_energy,amplitude,phase,state_signature,seed
README.md,README.md,readme,root,d3669fd3abf5773fbd162e3b89339f028a23fbf7075e2bf7c780fafaacfe18de,111,16.0,0.0,2.0,0.9,18.0,0.8,0.0,"[16.0, 0.0, 2.0, 0.9, 0.8, 0.0]",canonical,38.86941557385424,0.5197910708719541,0.7209653742531288,0.46951434720988794,"(0.642948361842,0.326203119048)",13213658233ac3c07d00efa2d6d1196fa78cdb710a58c06efaf79cb3778ed76d
definitions/DEF-0001-projective-ray-and-cp1.md,definitions/DEF-0001-projective-ray-and-cp1.md,definition,definitions,53d290e9b6431f6de0730e22d72dc63533423e34df0bb3e87267cc50d483c5e3,69,9.0,1.0,1.0,0.75,11.0,1.0,0.0,"[9.0, 1.0, 1.0, 0.75, 1.0, 0.0]",canonical,24.94578707887476,0.3335938343306126,0.5775758256113327,0.03773254886654919,"(0.577164713974,0.021788237055)",018990942a06a4b9d1975a8e2d7bbe8c95408216bb51f514e2a03464bfcde139
src/ciel_foundations/solvers/demo_solver.py,src/ciel_foundations/solvers/demo_solver.py,solver,src,590da1cb3b3fac6e4a6e426605cdc35c953f493c6d5a5a477a9290b16f275b6e,30,2.0,2.0,0.0,0.6,4.0,0.85,0.0,"[2.0, 2.0, 0.0, 0.6, 0.85, 0.0]",support,10.963718633183927,0.1466150947974333,0.38290350585680627,2.8467567242899494,"(-0.366381154996,0.111265196990)",73fcbfecbd02797d42091bc908da75ff27e90ff492aa578aeb204c30e7cc62c4
