phase,W_re,W_im,W_abs
0.4,0.552636596401731,0.2336510053851903,0.6
