i,d_i,d_bar,xi_i,tau_i
0,1.2,1.1333333333333335,0.17777777777777753,1.194559833996423
1,1.5,1.1333333333333335,0.22777777777777758,1.2558062263721808
2,0.7,1.1333333333333335,-0.40555555555555517,0.6666063710952375
