slot,family,tau_v2_class,tau_v2_generation,v4_7_predicted_mev_input,benchmark_mev_post_freeze_scoring_only,v4_7_absolute_relative_error,component_gate_blind_universal,resonance_damping_gate,entropy_release_gate,blind_extended_prediction_mev,blind_extended_absolute_relative_error,blind_extension_improved_this_slot,unit_anchor_slot,formula_fingerprint_sha256,mass_closure_claimed,canon_allowed
e,leptons,charged_lepton,1,0.51099895,0.51099895,0.0,1.0,1.0,1.0,0.51099895,0.0,False,True,bb5f1bce7ef4bef49ee8162d550e1c1a82d415c6d3c02a706163e6d2fb117b42,False,False
mu,leptons,charged_lepton,2,1840.810358414153,105.6583755,16.42228526326484,0.6296434111855002,0.6194873649010207,1.016394275105356,1159.0541134174905,9.969827123808944,True,False,bb5f1bce7ef4bef49ee8162d550e1c1a82d415c6d3c02a706163e6d2fb117b42,False,False
tau,leptons,charged_lepton,3,658.5165474967749,1776.86,0.6293931162293175,1.0664677827110463,1.0,1.0664677827110463,702.2866822874189,0.6047596984076298,True,False,bb5f1bce7ef4bef49ee8162d550e1c1a82d415c6d3c02a706163e6d2fb117b42,False,False
u,light_quarks,up_quark,1,2.16,2.16,0.0,1.0,1.0,1.0,2.16,0.0,False,True,bb5f1bce7ef4bef49ee8162d550e1c1a82d415c6d3c02a706163e6d2fb117b42,False,False
d,light_quarks,down_quark,1,12.907028617036731,4.67,1.7638176910142893,1.0,1.0,1.0,12.907028617036731,1.7638176910142893,False,False,bb5f1bce7ef4bef49ee8162d550e1c1a82d415c6d3c02a706163e6d2fb117b42,False,False
s,light_quarks,down_quark,2,8.224935286715258,93.4,0.9119385943606504,0.6296434111855002,0.6194873649010207,1.016394275105356,5.178776310707385,0.9445527161594498,False,False,bb5f1bce7ef4bef49ee8162d550e1c1a82d415c6d3c02a706163e6d2fb117b42,False,False
c,heavy_quarks,up_quark,2,1270.0,1270.0,0.0,0.6296434111855002,0.6194873649010207,1.016394275105356,799.6471322055852,0.37035658881449984,False,True,bb5f1bce7ef4bef49ee8162d550e1c1a82d415c6d3c02a706163e6d2fb117b42,False,False
b,heavy_quarks,down_quark,3,7800.612148008209,4180.0,0.8661751550258874,1.0664677827110463,1.0,1.0664677827110463,8319.101541275166,0.990215679730901,False,False,bb5f1bce7ef4bef49ee8162d550e1c1a82d415c6d3c02a706163e6d2fb117b42,False,False
t,heavy_quarks,up_quark,3,173703.52869608064,172760.0,0.005461499745778253,1.0664677827110463,1.0,1.0664677827110463,185249.2170975937,0.07229229623520328,False,False,bb5f1bce7ef4bef49ee8162d550e1c1a82d415c6d3c02a706163e6d2fb117b42,False,False
