hadron,composition,state_class,v59_carrier_ratio,benchmark_mass_mev,benchmark_mass_ratio_to_proton,direct_ratio_prediction,direct_absolute_relative_error,inverse_ratio_prediction,inverse_absolute_relative_error,benchmark_used_only_after_freeze,mev_prediction_claimed,absolute_mev_scale_derived
proton,u u d,baryon_triplet,1.0,938.2720813,1.0,1.0,0.0,1.0,0.0,True,False,False
neutron,u d d,baryon_triplet,0.8065506042347503,939.5654133,1.0013784189317538,0.8065506042347503,0.19455963001962942,1.2398478096099044,0.2381411324327759,True,False,False
lambda,u d s,baryon_triplet,0.810377572915698,1115.683,1.1890825936696237,0.810377572915698,0.3184850428137253,1.233992688620503,0.037768692595425604,True,False,False
sigma_plus,u u s,baryon_triplet,0.8719178369488955,1189.37,1.2676173827447763,0.8719178369488955,0.3121600817267678,1.146897055689677,0.0952340419896288,True,False,False
sigma_zero,u d s,baryon_triplet,0.810377572915698,1192.642,1.271104644132184,0.810377572915698,0.3624619525570503,1.233992688620503,0.0291966170393613,True,False,False
xi_zero,u s s,baryon_triplet,0.6258756351119473,1314.86,1.4013632358944623,0.6258756351119473,0.5533808658021035,1.5977615102737381,0.14014801398291193,True,False,False
omega_minus,s s s,baryon_triplet,0.3363071218873508,1672.45,1.7824787002963765,0.3363071218873508,0.8113261483397067,2.9734725639707364,0.6681672344675597,True,False,False
pion_plus,u dbar,meson_open_path,0.8961425605377863,139.57039,0.14875257697812094,0.8961425605377863,5.024383434174684,1.1158938812144885,6.501677644069441,True,False,False
kaon_plus,u sbar,meson_open_path,0.739546798408807,493.677,0.5261554828701691,0.739546798408807,0.4055670281616984,1.3521794728225158,1.5699237522840208,True,False,False
