slot,predicted_mev_sealed_formula,benchmark_mev_post_freeze_scoring_only,ratio_pred_over_benchmark,absolute_relative_error,baseline_predicted_mev_from_v47_v48,tau_v2_relative_action,tau_v2_relative_quanta,derived_root_gate_used,root_gate_role,sealed_formula_fingerprint,mass_closure_claimed,canon_allowed
e,0.51099895,0.51099895,1.0,0.0,0.51099895,0.0,0.0,1.0,unit,cc635e803222fddac5a121398e055d91740f2e6c118aa9c5e6887f6e66ced1e9,False,False
mu,204.34679275487207,105.6583755,1.9340330739314846,0.9340330739314846,1840.810358414153,-0.500689125204031,-54.463282428505806,0.14258769169807442,screening_multiply,cc635e803222fddac5a121398e055d91740f2e6c118aa9c5e6887f6e66ced1e9,False,False
tau,2750.356008517233,1776.86,1.5478743449215093,0.5478743449215093,658.5165474967749,0.5456521927993961,59.35421399867016,0.3145318633765734,release_inverse,cc635e803222fddac5a121398e055d91740f2e6c118aa9c5e6887f6e66ced1e9,False,False
