seed_p,seed_q,zeta_index,gamma_n,gamma_np1,zeta_spacing,spacing_norm,collatz_step_sum,kappa,phase_uncertainty,index_uncertainty,heisenberg_product,bound_kappa_over_2,gate_pass,preference_width,mass_input_used
3,5,4,32.935061587739192,37.586178158825675,4.651116571086483,1.209180837561,12,0.009193150006360484,0.004596575003180242,1.209180837561,0.005558090412259378,0.004596575003180242,True,0.606530659713,False
5,7,6,40.918719012147498,43.327073280915002,2.408354268767503,0.626115425693,21,0.009193150006360484,0.005653442468540298,1.000000000000,0.005653442468540298,0.004596575003180242,True,0.540661172208,False
11,13,1,21.022039638771556,25.010857580145689,3.988817941374133,1.036998782016,23,0.009193150006360484,0.004596575003180242,1.036998782016,0.004766642679742787,0.004596575003180242,True,0.606530659713,False
17,19,7,43.327073280915002,48.005150881167161,4.678077600252159,1.216190070577,32,0.009193150006360484,0.004596575003180242,1.216190070577,0.005590308877528974,0.004596575003180242,True,0.606530659713,False
29,31,8,48.005150881167161,49.773832477672300,1.768681596505139,0.459815586549,124,0.009193150006360484,0.006297473524100080,1.000000000000,0.006297473524100080,0.004596575003180242,True,0.504081139964,False
41,43,9,49.773832477672300,52.970321477714464,3.196489000042163,0.831011905905,138,0.009193150006360484,0.005020802965131216,1.000000000000,0.005020802965131216,0.004596575003180242,True,0.579177610977,False
