fermion,model_F_avg,target,error
u,1.0051589699160002,1.0018,0.003358969916000154
d,1.0058697295590848,0.7833,0.22256972955908483
s,1.0030297029553166,0.956,0.04702970295531661
