{
  "dimension": 17,
  "kappa_I": 0.009193150006360484,
  "hermiticity_error": 0.0,
  "unitarity_error": 6.261023112804052e-15,
  "initial_energy": 0.0,
  "final_energy": -6.661338147750939e-16,
  "max_norm_error": 6.994405055138486e-15
}