area_choice,A_m2,D_Lambda
R_H^2,1.883747561925336e+52,0.32706340805384504
pi R_H^2,5.91796750176232e+52,1.0275000000000003
4 pi R_H^2,2.367187000704928e+53,4.110000000000001
