case,Delta_m2_eV2,L_km,E_GeV,theta_rad,epsilon_nu,epsilon_mod1
DUNE-like atmospheric,0.002513,1300.0,2.5,1.65566492,0.5270145122436949,0.5270145122436949
T2K-like atmospheric,0.002513,295.0,0.6,1.5654524083333332,0.4982989779227243,0.4982989779227243
NOvA-like atmospheric,0.002513,810.0,2.0,1.2895082549999999,0.4104632258821085,0.4104632258821085
Daya Bay reactor atm,0.002513,1.6,0.004,1.2735884000000002,0.4053957786489961,0.4053957786489961
KamLAND solar,7.49e-05,180.0,0.003,5.693897999999999,1.812424024322113,0.812424024322113
JUNO solar,7.49e-05,53.0,0.003,1.6765366333333334,0.533658184939289,0.533658184939289
"Solar 1 AU, 1 MeV",7.49e-05,149597870.7,0.001,14196583.613049809,4518912.914068553,0.9140685526654124
