fermion,mass_GeV,y_eff_sqrt2m_over_v,minus_ln_y,S_required_if_y_exp_minus_S_over_kappa,nearest_integer_minus_ln_y,residual_to_integer,nearest_gamma1_fraction,target_status
e,0.00051099895,2.9350283190168257e-06,12.738793456002714,0.11710963914107624,13,-0.26120654399728593,0.9012409741445695,validation_target_only_not_derivation_input
mu,0.1056583755,0.0006068707660432835,7.407194695596726,0.06809545196293838,7,0.4071946955967256,0.5240423581867877,validation_target_only_not_derivation_input
tau,1.77686,0.010205763473541848,4.584802671844862,0.04214877871183216,5,-0.41519732815513777,0.3243644730174208,validation_target_only_not_derivation_input
u,0.00216,1.2406407428188146e-05,11.297297490731575,0.10385775049877526,11,0.29729749073157485,0.7992583780334553,validation_target_only_not_derivation_input
d,0.00467,2.6823112356314188e-05,10.526246640746843,0.09676936437233385,11,-0.4737533592531573,0.7447082652966962,validation_target_only_not_derivation_input
s,0.0934,0.0005364622471262837,7.530514367192852,0.06922914820265669,8,-0.4694856328071477,0.532766947477315,validation_target_only_not_derivation_input
c,1.27,0.007294508071203216,4.920633532975012,0.045236122194966845,5,-0.07936646702498784,0.348123750807589,validation_target_only_not_derivation_input
b,4.18,0.02400869585640113,3.7293391869088475,0.03428437456985147,4,-0.27066081309115253,0.26384235629014585,validation_target_only_not_derivation_input
t,172.69,0.991880786469357,0.008152353848933458,7.494581183817554e-05,0,0.008152353848933458,0.0005767606916432019,validation_target_only_not_derivation_input
