hadron,family,composition,quark_proxy_sum_mev_from_v56,benchmark_mev_scoring_only,quark_proxy_fraction_of_hadron,binding_dominance_fraction,pair_count,triplet_binding_kernel_dimensionless,holonomy_defect_from_v40,triplet_color_action_dimensionless,diagnostic_status,mass_prediction_mev_claimed,numeric_debt9_closure_allowed
proton,baryon,uud,17.22702861703673,938.272,0.01836037803220892,0.9816396219677911,3,5.066212691688186,0.18321162441519734,5.913253736588075,BINDING_DOMINATED_TRIPLET_REQUIRED,False,False
neutron,baryon,udd,27.974057234073463,939.565,0.029773413477591718,0.9702265865224082,3,5.066212691688186,0.18321162441519734,5.913253736588075,BINDING_DOMINATED_TRIPLET_REQUIRED,False,False
Lambda_uds,baryon,uds,20.245804927744118,1115.7,0.018146280297341683,0.9818537197026583,3,5.066212691688186,0.18321162441519734,5.913253736588075,BINDING_DOMINATED_TRIPLET_REQUIRED,False,False
Sigma_uus,baryon,uus,9.498776310707385,1189.4,0.007986191618217071,0.9920138083817829,3,5.066212691688186,0.18321162441519734,5.913253736588075,BINDING_DOMINATED_TRIPLET_REQUIRED,False,False
