seed_p,seed_q,zeta_entropy,vertex_asymmetry,polar_apex_weight,base_balance_std,tetra_spectral_path,mean_zeta_depth,phase_winding,zeta_tetrahedral_action_raw_v11,mean_w_apex,mean_w_base_1,mean_w_base_2,mean_w_base_3,zeta_tetrahedral_action_norm_v11,zeta_tetrahedral_action_kappa_v11
3,5,0.9634988981596261,0.22193810000832037,0.363350747740677,0.05015835793369404,30.444302419635928,0.636649252259323,-1.2324863565822124,1.5643039768955407,0.363350747740677,0.24388856307083415,0.25134804145613227,0.14141264773235662,0.4372890396205249,0.004020063737368799
5,7,0.9682523712334772,0.20282288611099422,0.3520546515282049,0.05022735675623582,33.47459116863983,0.6479453484717951,-2.5580301343890204,1.6792849776542116,0.3520546515282049,0.22832093090241845,0.27039265215216596,0.1492317654172107,0.9157165038925612,0.0084183191835843
11,13,0.9758164091002935,0.18040024712178232,0.35489094303211993,0.02983775161660552,31.238693443158617,0.6451090569678801,-1.9273385629343234,1.5806389649006416,0.35489094303211993,0.1744906959103376,0.22518621446768913,0.2454321465898533,0.5052577199992718,0.004644910011824989
17,19,0.9802711769875759,0.158852051791251,0.348510806535163,0.021820377619139027,31.547620767483224,0.651489193464837,1.0726614370656766,1.467111732096711,0.348510806535163,0.2187979577772015,0.18965875474391197,0.2430324809437235,0.032879276971068655,0.0003022641252957079
29,31,0.9774320074295707,0.1627634144854535,0.359115593829815,0.01689467658199019,34.012678066372516,0.640884406170185,-0.9598951900632933,1.4592098191576048,0.359115593829815,0.207972718006454,0.23655950881936955,0.1963521793443615,0.0,0.0
41,43,0.9640414510098193,0.1986854564323201,0.39320611676421713,0.006845352523363741,35.02809058064136,0.6067938832357829,3.059999092241491,1.6995409233378869,0.39320611676421713,0.21116766534543796,0.19452066033189702,0.20110555755844783,1.0,0.009193150006360484
