{
  "seed": [
    11,
    13
  ],
  "steps": 80,
  "kappa_ln2_over_24pi": 0.009193150006360484,
  "phi_ab": 0.73,
  "phi_berry": 1.17,
  "final_phi_intention": -0.10032981019907834,
  "orbit_a": [
    11,
    34,
    17,
    52,
    26,
    13,
    40,
    20,
    10,
    5,
    16,
    8,
    4,
    2,
    1,
    4,
    2,
    1,
    4,
    2,
    1,
    4,
    2,
    1,
    4,
    2,
    1,
    4,
    2,
    1,
    4,
    2,
    1,
    4,
    2,
    1,
    4,
    2,
    1,
    4,
    2,
    1,
    4,
    2,
    1,
    4,
    2,
    1,
    4,
    2,
    1,
    4,
    2,
    1,
    4,
    2,
    1,
    4,
    2,
    1,
    4,
    2,
    1,
    4,
    2,
    1,
    4,
    2,
    1,
    4,
    2,
    1,
    4,
    2,
    1,
    4,
    2,
    1,
    4,
    2,
    1
  ],
  "orbit_b": [
    13,
    40,
    20,
    10,
    5,
    16,
    8,
    4,
    2,
    1,
    4,
    2,
    1,
    4,
    2,
    1,
    4,
    2,
    1,
    4,
    2,
    1,
    4,
    2,
    1,
    4,
    2,
    1,
    4,
    2,
    1,
    4,
    2,
    1,
    4,
    2,
    1,
    4,
    2,
    1,
    4,
    2,
    1,
    4,
    2,
    1,
    4,
    2,
    1,
    4,
    2,
    1,
    4,
    2,
    1,
    4,
    2,
    1,
    4,
    2,
    1,
    4,
    2,
    1,
    4,
    2,
    1,
    4,
    2,
    1,
    4,
    2,
    1,
    4,
    2,
    1,
    4,
    2,
    1,
    4,
    2
  ],
  "rho": [
    1.283399866932801,
    0.79,
    1.0732558139534882,
    0.79,
    1.0807692307692307,
    1.0742424242424242,
    0.79,
    0.79,
    0.79,
    1.2992753623188404,
    0.79,
    0.79,
    1.1166666666666667,
    0.79,
    1.1166666666666667,
    1.1166666666666667,
    0.79,
    1.1166666666666667,
    1.1166666666666667,
    0.79,
    1.1166666666666667,
    1.1166666666666667,
    0.79,
    1.1166666666666667,
    1.1166666666666667,
    0.79,
    1.1166666666666667,
    1.1166666666666667,
    0.79,
    1.1166666666666667,
    1.1166666666666667,
    0.79,
    1.1166666666666667,
    1.1166666666666667,
    0.79,
    1.1166666666666667,
    1.1166666666666667,
    0.79,
    1.1166666666666667,
    1.1166666666666667,
    0.79,
    1.1166666666666667,
    1.1166666666666667,
    0.79,
    1.1166666666666667,
    1.1166666666666667,
    0.79,
    1.1166666666666667,
    1.1166666666666667,
    0.79,
    1.1166666666666667,
    1.1166666666666667,
    0.79,
    1.1166666666666667,
    1.1166666666666667,
    0.79,
    1.1166666666666667,
    1.1166666666666667,
    0.79,
    1.1166666666666667,
    1.1166666666666667,
    0.79,
    1.1166666666666667,
    1.1166666666666667,
    0.79,
    1.1166666666666667,
    1.1166666666666667,
    0.79,
    1.1166666666666667,
    1.1166666666666667,
    0.79,
    1.1166666666666667,
    1.1166666666666667,
    0.79,
    1.1166666666666667,
    1.1166666666666667,
    0.79,
    1.1166666666666667,
    1.1166666666666667,
    0.79
  ],
  "phi_intention_cumulative": [
    0.001966414582476054,
    0.0031441316373449378,
    0.004744121101054063,
    -0.005095514938011771,
    -0.018556750220278077,
    -0.01651350778939733,
    -0.02619695912943037,
    -0.035880410469463414,
    -0.04556386180949645,
    -0.06148977288331708,
    -0.07020487908934682,
    -0.07891998529537655,
    -0.0912388063038996,
    -0.08639708063388309,
    -0.07955329118470361,
    -0.09187211219322666,
    -0.08703038652321014,
    -0.08018659707403067,
    -0.09250541808255372,
    -0.0876636924125372,
    -0.08081990296335773,
    -0.09313872397188078,
    -0.08829699830186426,
    -0.08145320885268478,
    -0.09377202986120783,
    -0.08893030419119131,
    -0.08208651474201184,
    -0.09440533575053489,
    -0.08956361008051837,
    -0.0827198206313389,
    -0.09503864163986195,
    -0.09019691596984543,
    -0.08335312652066595,
    -0.095671947529189,
    -0.09083022185917249,
    -0.08398643240999301,
    -0.09630525341851606,
    -0.09146352774849954,
    -0.08461973829932007,
    -0.09693855930784312,
    -0.0920968336378266,
    -0.08525304418864713,
    -0.09757186519717018,
    -0.09273013952715366,
    -0.08588635007797418,
    -0.09820517108649723,
    -0.09336344541648071,
    -0.08651965596730124,
    -0.09883847697582429,
    -0.09399675130580777,
    -0.0871529618566283,
    -0.09947178286515135,
    -0.09463005719513483,
    -0.08778626774595535,
    -0.1001050887544784,
    -0.09526336308446189,
    -0.08841957363528241,
    -0.10073839464380546,
    -0.09589666897378894,
    -0.08905287952460947,
    -0.10137170053313252,
    -0.096529974863116,
    -0.08968618541393653,
    -0.10200500642245958,
    -0.09716328075244306,
    -0.09031949130326358,
    -0.10263831231178663,
    -0.09779658664177011,
    -0.09095279719259064,
    -0.10327161820111369,
    -0.09842989253109717,
    -0.0915861030819177,
    -0.10390492409044075,
    -0.09906319842042423,
    -0.09221940897124475,
    -0.1045382299797678,
    -0.09969650430975129,
    -0.09285271486057181,
    -0.10517153586909486,
    -0.10032981019907834
  ],
  "D_scan": [
    {
      "D": -8,
      "phi_euler": -25.132741228718345,
      "total_phase": -23.333071038917424,
      "phase_units": -3.713573593358054,
      "epsilon": 0.28642640664194596,
      "abs_epsilon": 0.28642640664194596
    },
    {
      "D": -7,
      "phi_euler": -21.991148575128552,
      "total_phase": -20.19147838532763,
      "phase_units": -3.213573593358054,
      "epsilon": -0.21357359335805404,
      "abs_epsilon": 0.21357359335805404
    },
    {
      "D": -6,
      "phi_euler": -18.84955592153876,
      "total_phase": -17.049885731737838,
      "phase_units": -2.713573593358054,
      "epsilon": 0.28642640664194596,
      "abs_epsilon": 0.28642640664194596
    },
    {
      "D": -5,
      "phi_euler": -15.707963267948966,
      "total_phase": -13.908293078148043,
      "phase_units": -2.2135735933580536,
      "epsilon": -0.2135735933580536,
      "abs_epsilon": 0.2135735933580536
    },
    {
      "D": -4,
      "phi_euler": -12.566370614359172,
      "total_phase": -10.76670042455825,
      "phase_units": -1.7135735933580538,
      "epsilon": 0.2864264066419462,
      "abs_epsilon": 0.2864264066419462
    },
    {
      "D": -3,
      "phi_euler": -9.42477796076938,
      "total_phase": -7.625107770968457,
      "phase_units": -1.2135735933580538,
      "epsilon": -0.21357359335805381,
      "abs_epsilon": 0.21357359335805381
    },
    {
      "D": -2,
      "phi_euler": -6.283185307179586,
      "total_phase": -4.483515117378664,
      "phase_units": -0.7135735933580537,
      "epsilon": 0.2864264066419463,
      "abs_epsilon": 0.2864264066419463
    },
    {
      "D": -1,
      "phi_euler": -3.141592653589793,
      "total_phase": -1.3419224637888716,
      "phase_units": -0.21357359335805384,
      "epsilon": -0.21357359335805384,
      "abs_epsilon": 0.21357359335805384
    },
    {
      "D": 0,
      "phi_euler": 0.0,
      "total_phase": 1.7996701898009215,
      "phase_units": 0.28642640664194613,
      "epsilon": 0.28642640664194613,
      "abs_epsilon": 0.28642640664194613
    },
    {
      "D": 1,
      "phi_euler": 3.141592653589793,
      "total_phase": 4.9412628433907155,
      "phase_units": 0.7864264066419463,
      "epsilon": -0.2135735933580537,
      "abs_epsilon": 0.2135735933580537
    },
    {
      "D": 2,
      "phi_euler": 6.283185307179586,
      "total_phase": 8.082855496980509,
      "phase_units": 1.2864264066419462,
      "epsilon": 0.2864264066419462,
      "abs_epsilon": 0.2864264066419462
    },
    {
      "D": 3,
      "phi_euler": 9.42477796076938,
      "total_phase": 11.224448150570302,
      "phase_units": 1.7864264066419462,
      "epsilon": -0.21357359335805381,
      "abs_epsilon": 0.21357359335805381
    },
    {
      "D": 4,
      "phi_euler": 12.566370614359172,
      "total_phase": 14.366040804160095,
      "phase_units": 2.2864264066419464,
      "epsilon": 0.2864264066419464,
      "abs_epsilon": 0.2864264066419464
    },
    {
      "D": 5,