slot,family,generation,frozen_amplitude,benchmark_mass_mev,benchmark_scheme,direct_ratio_to_e_frozen,observed_ratio_to_e,electron_anchor_prediction_mev,electron_anchor_relative_error,family_anchor,family_anchor_prediction_mev,family_anchor_relative_error,mass_prediction_claimed,sealed_benchmark_only
e,charged_lepton,1,0.36907429831336475,0.51099895,physical mass,1.0,1.0,0.51099895,0.0,e,0.51099895,0.0,False,True
mu,charged_lepton,2,0.18801115894223255,105.6583755,physical mass,0.5094127654009669,206.76828298766566,0.2603093882364904,-0.9975363108981692,e,0.2603093882364904,-0.9975363108981692,False,True
tau,charged_lepton,3,0.46180423751993993,1776.86,physical mass,1.2512500589456985,3477.228280018971,0.63938746630869,-0.9996401587821726,e,0.63938746630869,-0.9996401587821726,False,True
u,up_quark,1,0.40734210591319575,2.16,MSbar_2GeV_approx,1.103685918457913,4.227014556487837,0.5639823454617792,-0.7388970622862133,u,2.16,0.0,False,True
c,up_quark,2,0.39630493936869005,1270.0,MSbar_mc_approx,1.0737809193968986,2485.328003120163,0.5487009223418498,-0.9995679520296521,u,2.101473568801128,-0.9983452964025188,False,True
t,up_quark,3,0.4189468937986381,172760.0,pole/on-shell_approx,1.135128877066722,338082.88647168456,0.580049664295774,-0.9999966424538996,u,2.2215363387891385,-0.9999871409102872,False,True
d,down_quark,1,0.27415787412804393,4.67,MSbar_2GeV_approx,0.7428257003560528,9.138962027221387,0.37958315291495753,-0.9187188109389813,d,4.67,0.0,False,True
s,down_quark,2,0.34361959375684353,93.4,MSbar_2GeV_approx,0.9310309477716361,182.77924054442775,0.47575583672881083,-0.9949062544247451,d,5.853209607596356,-0.9373318029165273,False,True
b,down_quark,3,0.299956467011304,4180.0,MSbar_mb_approx,0.8127265116592437,8180.0559472773875,0.4153023940950363,-0.9999006453602642,d,5.1094527392219105,-0.9987776428853538,False,True
